date,current_occupancy,emergency_admissions,elective_admissions,discharges,average_los,day_of_week,month,total_beds,next_day_occupancy,current_occupancy_rate,next_day_occupancy_rate
2025-01-01,105.0,6,9,13,4.39,2,1,168,104.47,0.625,0.6218452380952381
2025-01-02,104.46734864566294,9,12,14,5.13,3,1,168,115.1,0.6218294562241842,0.6851190476190476
2025-01-03,115.09693768594568,6,12,10,4.95,4,1,168,127.17,0.6851008195592004,0.7569642857142858
2025-01-04,127.16623446242701,14,13,16,5.66,5,1,168,137.15,0.7569418718001608,0.8163690476190476
2025-01-05,137.14552970076005,11,15,13,4.07,6,1,168,152.31,0.8163424386950003,0.9066071428571428
2025-01-06,152.31380794060732,10,19,22,7.15,0,1,168,155.46,0.9066298091702817,0.9253571428571429
2025-01-07,155.45781609535632,10,11,16,4.87,1,1,168,160.6,0.92534414342474,0.9559523809523809
2025-01-08,160.59789227144634,4,12,18,4.47,2,1,168,160.42,0.9559398349490854,0.9548809523809523
2025-01-09,160.42252551532277,6,16,15,4.84,3,1,168,168.0,0.9548959852102546,1.0
2025-01-10,168.0,11,16,13,4.46,4,1,168,168.0,1.0,1.0
2025-01-11,168.0,15,13,12,6.61,5,1,168,168.0,1.0,1.0
2025-01-12,168.0,16,13,11,5.0,6,1,168,168.0,1.0,1.0
2025-01-13,168.0,13,11,15,3.96,0,1,168,168.0,1.0,1.0
2025-01-14,168.0,12,7,14,3.61,1,1,168,168.0,1.0,1.0
2025-01-15,168.0,11,19,17,5.98,2,1,168,168.0,1.0,1.0
2025-01-16,168.0,5,9,15,4.93,3,1,168,165.94,1.0,0.9877380952380952
2025-01-17,165.94236196340316,5,14,24,4.07,4,1,168,164.34,0.9877521545440664,0.9782142857142857
2025-01-18,164.34418614169059,12,16,11,4.63,5,1,168,168.0,0.9782392032243488,1.0
2025-01-19,168.0,8,17,12,4.4,6,1,168,168.0,1.0,1.0
2025-01-20,168.0,13,6,13,5.36,0,1,168,168.0,1.0,1.0
2025-01-21,168.0,10,11,12,6.04,1,1,168,168.0,1.0,1.0
2025-01-22,168.0,8,12,18,3.9,2,1,168,168.0,1.0,1.0
2025-01-23,168.0,12,16,17,4.91,3,1,168,168.0,1.0,1.0
2025-01-24,168.0,7,18,17,5.23,4,1,168,168.0,1.0,1.0
2025-01-25,168.0,5,12,16,4.44,5,1,168,167.26,1.0,0.9955952380952381
2025-01-26,167.26118412268895,11,14,18,4.55,6,1,168,168.0,0.995602286444577,1.0
2025-01-27,168.0,10,10,8,5.61,0,1,168,168.0,1.0,1.0
2025-01-28,168.0,9,19,12,4.41,1,1,168,168.0,1.0,1.0
2025-01-29,168.0,11,15,11,6.72,2,1,168,168.0,1.0,1.0
2025-01-30,168.0,10,14,13,5.23,3,1,168,168.0,1.0,1.0
2025-01-31,168.0,8,15,17,5.23,4,1,168,168.0,1.0,1.0
2025-02-01,168.0,14,14,17,5.1,5,2,168,168.0,1.0,1.0
2025-02-02,168.0,14,7,18,5.54,6,2,168,168.0,1.0,1.0
2025-02-03,168.0,12,13,16,3.92,0,2,168,168.0,1.0,1.0
2025-02-04,168.0,11,14,17,5.28,1,2,168,168.0,1.0,1.0
2025-02-05,168.0,5,14,14,4.87,2,2,168,168.0,1.0,1.0
2025-02-06,168.0,11,9,14,4.86,3,2,168,168.0,1.0,1.0
2025-02-07,168.0,8,8,11,4.11,4,2,168,168.0,1.0,1.0
2025-02-08,168.0,8,14,11,5.92,5,2,168,168.0,1.0,1.0
2025-02-09,168.0,14,16,12,5.4,6,2,168,168.0,1.0,1.0
2025-02-10,168.0,10,16,15,4.53,0,2,168,168.0,1.0,1.0
2025-02-11,168.0,12,12,13,3.55,1,2,168,168.0,1.0,1.0
2025-02-12,168.0,6,6,10,3.62,2,2,168,168.0,1.0,1.0
2025-02-13,168.0,9,14,11,4.62,3,2,168,168.0,1.0,1.0
2025-02-14,168.0,9,7,23,4.24,4,2,168,160.51,1.0,0.9554166666666666
2025-02-15,160.50590105828502,8,18,10,4.94,5,2,168,168.0,0.9553922682040775,1.0
2025-02-16,168.0,8,10,8,5.26,6,2,168,168.0,1.0,1.0
2025-02-17,168.0,5,12,18,4.73,0,2,168,165.44,1.0,0.9847619047619047
2025-02-18,165.43887657002173,11,12,7,4.13,1,2,168,168.0,0.9847552176787008,1.0
2025-02-19,168.0,9,13,14,4.31,2,2,168,168.0,1.0,1.0
2025-02-20,168.0,8,13,16,4.78,3,2,168,168.0,1.0,1.0
2025-02-21,168.0,14,9,15,4.13,4,2,168,168.0,1.0,1.0
2025-02-22,168.0,14,11,18,3.9,5,2,168,168.0,1.0,1.0
2025-02-23,168.0,11,13,15,4.59,6,2,168,168.0,1.0,1.0
2025-02-24,168.0,11,11,19,4.34,0,2,168,168.0,1.0,1.0
2025-02-25,168.0,14,9,20,4.3,1,2,168,168.0,1.0,1.0
2025-02-26,168.0,3,13,13,5.25,2,2,168,167.25,1.0,0.9955357142857143
2025-02-27,167.2478440899584,8,10,14,4.45,3,2,168,168.0,0.9955228814878476,1.0
2025-02-28,168.0,7,13,13,5.43,4,2,168,168.0,1.0,1.0
2025-03-01,168.0,10,15,14,5.52,5,3,168,168.0,1.0,1.0
2025-03-02,168.0,12,14,13,4.43,6,3,168,168.0,1.0,1.0
2025-03-03,168.0,6,13,12,6.02,0,3,168,168.0,1.0,1.0
2025-03-04,168.0,11,9,11,3.84,1,3,168,168.0,1.0,1.0
2025-03-05,168.0,3,7,23,4.16,2,3,168,156.0,1.0,0.9285714285714286
2025-03-06,156.00264717983944,5,15,19,5.63,3,3,168,155.79,0.9285871855942824,0.9273214285714285
2025-03-07,155.78764035562662,11,16,13,4.19,4,3,168,168.0,0.9273073830692061,1.0
2025-03-08,168.0,15,10,12,5.07,5,3,168,168.0,1.0,1.0
2025-03-09,168.0,14,12,11,4.35,6,3,168,168.0,1.0,1.0
2025-03-10,168.0,9,12,21,5.66,0,3,168,164.88,1.0,0.9814285714285714
2025-03-11,164.88436175635107,9,11,12,4.52,1,3,168,168.0,0.9814545342639944,1.0
2025-03-12,168.0,7,15,10,4.08,2,3,168,168.0,1.0,1.0
2025-03-13,168.0,9,11,20,3.95,3,3,168,167.1,1.0,0.9946428571428572
2025-03-14,167.10091475486618,9,9,17,5.08,4,3,168,168.0,0.9946483021122987,1.0
2025-03-15,168.0,9,12,13,5.93,5,3,168,168.0,1.0,1.0
2025-03-16,168.0,12,10,10,4.47,6,3,168,168.0,1.0,1.0
2025-03-17,168.0,10,11,16,4.41,0,3,168,168.0,1.0,1.0
2025-03-18,168.0,11,8,17,4.21,1,3,168,168.0,1.0,1.0
2025-03-19,168.0,1,14,17,5.69,2,3,168,168.0,1.0,1.0
2025-03-20,168.0,7,6,15,3.97,3,3,168,164.03,1.0,0.9763690476190476
2025-03-21,164.03151565545426,8,13,15,5.35,4,3,168,168.0,0.9763780693777039,1.0
2025-03-22,168.0,8,9,11,5.3,5,3,168,168.0,1.0,1.0
2025-03-23,168.0,11,14,13,4.71,6,3,168,168.0,1.0,1.0
2025-03-24,168.0,9,15,13,4.79,0,3,168,168.0,1.0,1.0
2025-03-25,168.0,6,10,14,4.36,1,3,168,168.0,1.0,1.0
2025-03-26,168.0,13,14,6,5.02,2,3,168,168.0,1.0,1.0
2025-03-27,168.0,6,12,8,5.1,3,3,168,168.0,1.0,1.0
2025-03-28,168.0,10,13,16,3.16,4,3,168,168.0,1.0,1.0
2025-03-29,168.0,11,13,13,5.82,5,3,168,168.0,1.0,1.0
2025-03-30,168.0,17,11,11,5.15,6,3,168,168.0,1.0,1.0
2025-03-31,168.0,9,9,11,5.37,0,3,168,168.0,1.0,1.0
2025-04-01,168.0,10,18,14,5.07,1,4,168,168.0,1.0,1.0
2025-04-02,168.0,10,7,11,5.46,2,4,168,168.0,1.0,1.0
2025-04-03,168.0,11,14,13,5.87,3,4,168,168.0,1.0,1.0
2025-04-04,168.0,10,23,17,4.84,4,4,168,168.0,1.0,1.0
2025-04-05,168.0,4,13,15,3.54,5,4,168,168.0,1.0,1.0
2025-04-06,168.0,2,12,18,5.39,6,4,168,164.41,1.0,0.9786309523809523
2025-04-07,164.4077061491982,6,11,16,4.32,0,4,168,164.07,0.9786172985071321,0.9766071428571428
2025-04-08,164.07209050247064,7,14,13,4.74,1,4,168,166.08,0.9766195863242301,0.9885714285714287
2025-04-09,166.08313986412037,6,9,16,5.33,2,4,168,161.43,0.9885901182388117,0.9608928571428572
2025-04-10,161.4261565780677,10,16,19,4.07,3,4,168,168.0,0.9608699796313553,1.0
2025-04-11,168.0,10,9,13,4.56,4,4,168,168.0,1.0,1.0
2025-04-12,168.0,12,17,13,5.27,5,4,168,168.0,1.0,1.0
2025-04-13,168.0,9,9,11,5.2,6,4,168,168.0,1.0,1.0
2025-04-14,168.0,10,12,23,3.86,0,4,168,167.28,1.0,0.9957142857142858
2025-04-15,167.27720315529362,4,10,10,4.41,1,4,168,168.0,0.9956976378291287,1.0
2025-04-16,168.0,9,11,8,3.97,2,4,168,168.0,1.0,1.0
2025-04-17,168.0,6,17,13,5.29,3,4,168,168.0,1.0,1.0
2025-04-18,168.0,7,14,12,4.79,4,4,168,168.0,1.0,1.0
2025-04-19,168.0,14,12,18,4.08,5,4,168,168.0,1.0,1.0
2025-04-20,168.0,12,15,9,5.17,6,4,168,168.0,1.0,1.0
2025-04-21,168.0,8,11,8,3.92,0,4,168,168.0,1.0,1.0
2025-04-22,168.0,12,13,9,4.23,1,4,168,168.0,1.0,1.0
2025-04-23,168.0,8,13,14,5.23,2,4,168,168.0,1.0,1.0
2025-04-24,168.0,8,10,13,5.68,3,4,168,168.0,1.0,1.0
2025-04-25,168.0,6,12,9,5.11,4,4,168,168.0,1.0,1.0
2025-04-26,168.0,11,12,15,4.44,5,4,168,168.0,1.0,1.0
2025-04-27,168.0,15,20,13,4.42,6,4,168,168.0,1.0,1.0
2025-04-28,168.0,12,10,13,4.75,0,4,168,168.0,1.0,1.0
2025-04-29,168.0,9,11,17,5.01,1,4,168,168.0,1.0,1.0
2025-04-30,168.0,13,10,17,5.81,2,4,168,168.0,1.0,1.0
2025-05-01,168.0,7,16,9,4.37,3,5,168,168.0,1.0,1.0
2025-05-02,168.0,7,17,8,5.14,4,5,168,168.0,1.0,1.0
2025-05-03,168.0,15,16,10,4.5,5,5,168,168.0,1.0,1.0
2025-05-04,168.0,9,13,14,5.82,6,5,168,168.0,1.0,1.0
2025-05-05,168.0,7,8,11,4.94,0,5,168,168.0,1.0,1.0
2025-05-06,168.0,6,13,17,5.42,1,5,168,168.0,1.0,1.0
2025-05-07,168.0,7,17,13,4.66,2,5,168,168.0,1.0,1.0
2025-05-08,168.0,10,11,15,5.12,3,5,168,168.0,1.0,1.0
2025-05-09,168.0,5,10,19,3.53,4,5,168,168.0,1.0,1.0
2025-05-10,168.0,5,8,10,4.92,5,5,168,168.0,1.0,1.0
2025-05-11,168.0,9,12,12,4.7,6,5,168,168.0,1.0,1.0
2025-05-12,168.0,2,7,13,4.12,0,5,168,163.9,1.0,0.9755952380952382
2025-05-13,163.90321811269632,7,7,19,5.62,1,5,168,158.68,0.9756143935279543,0.9445238095238095
2025-05-14,158.67717842091344,12,14,15,5.51,2,5,168,168.0,0.944507014410199,1.0
2025-05-15,168.0,4,13,19,5.14,3,5,168,168.0,1.0,1.0
2025-05-16,168.0,8,11,9,4.02,4,5,168,168.0,1.0,1.0
2025-05-17,168.0,11,12,13,5.29,5,5,168,168.0,1.0,1.0
2025-05-18,168.0,11,17,16,4.25,6,5,168,168.0,1.0,1.0
2025-05-19,168.0,3,15,8,4.29,0,5,168,168.0,1.0,1.0
2025-05-20,168.0,6,15,16,5.31,1,5,168,168.0,1.0,1.0
2025-05-21,168.0,9,6,15,5.06,2,5,168,168.0,1.0,1.0
2025-05-22,168.0,7,8,18,4.21,3,5,168,164.76,1.0,0.9807142857142856
2025-05-23,164.76306249686857,11,7,18,3.57,4,5,168,162.73,0.9807325148623129,0.9686309523809523
2025-05-24,162.73018270698356,4,14,10,5.43,5,5,168,168.0,0.9686320399225211,1.0
2025-05-25,168.0,9,18,11,4.14,6,5,168,168.0,1.0,1.0
2025-05-26,168.0,8,15,14,5.08,0,5,168,168.0,1.0,1.0
2025-05-27,168.0,5,15,10,4.74,1,5,168,168.0,1.0,1.0
2025-05-28,168.0,7,9,16,5.19,2,5,168,168.0,1.0,1.0
2025-05-29,168.0,5,13,14,3.79,3,5,168,168.0,1.0,1.0
2025-05-30,168.0,9,16,14,4.14,4,5,168,168.0,1.0,1.0
2025-05-31,168.0,17,11,15,4.41,5,5,168,168.0,1.0,1.0
2025-06-01,168.0,7,16,13,6.25,6,6,168,168.0,1.0,1.0
2025-06-02,168.0,2,10,17,3.44,0,6,168,163.53,1.0,0.9733928571428572
2025-06-03,163.52923390530742,4,9,11,5.47,1,6,168,161.63,0.9733882970554013,0.9620833333333333
2025-06-04,161.62565360862544,8,12,15,2.97,2,6,168,167.38,0.9620574619561039,0.9963095238095238
2025-06-05,167.38072437999554,11,11,13,4.76,3,6,168,168.0,0.9963138355952116,1.0
2025-06-06,168.0,5,9,12,5.46,4,6,168,167.16,1.0,0.995
2025-06-07,167.15707804328326,7,15,17,5.63,5,6,168,168.0,0.9949826074004956,1.0
2025-06-08,168.0,7,10,20,4.43,6,6,168,168.0,1.0,1.0
2025-06-09,168.0,4,9,15,5.66,0,6,168,168.0,1.0,1.0
2025-06-10,168.0,7,18,14,5.84,1,6,168,168.0,1.0,1.0
2025-06-11,168.0,4,18,10,3.79,2,6,168,168.0,1.0,1.0
2025-06-12,168.0,13,18,10,3.88,3,6,168,168.0,1.0,1.0
2025-06-13,168.0,9,12,9,5.37,4,6,168,168.0,1.0,1.0
2025-06-14,168.0,13,13,14,4.49,5,6,168,168.0,1.0,1.0
2025-06-15,168.0,7,13,15,4.72,6,6,168,168.0,1.0,1.0
2025-06-16,168.0,10,6,16,4.14,0,6,168,168.0,1.0,1.0
2025-06-17,168.0,5,17,16,3.86,1,6,168,168.0,1.0,1.0
2025-06-18,168.0,11,11,15,5.66,2,6,168,168.0,1.0,1.0
2025-06-19,168.0,11,10,18,4.57,3,6,168,168.0,1.0,1.0
2025-06-20,168.0,6,18,18,4.83,4,6,168,168.0,1.0,1.0
2025-06-21,168.0,4,15,17,6.23,5,6,168,168.0,1.0,1.0
2025-06-22,168.0,13,9,11,5.63,6,6,168,168.0,1.0,1.0
2025-06-23,168.0,8,12,22,3.98,0,6,168,164.4,1.0,0.9785714285714286
2025-06-24,164.40229570815046,6,7,11,4.82,1,6,168,168.0,0.9785850935008956,1.0
2025-06-25,168.0,11,13,16,4.61,2,6,168,168.0,1.0,1.0
2025-06-26,168.0,11,7,12,4.13,3,6,168,168.0,1.0,1.0
2025-06-27,168.0,11,7,15,4.63,4,6,168,168.0,1.0,1.0
2025-06-28,168.0,9,9,10,4.7,5,6,168,168.0,1.0,1.0
2025-06-29,168.0,11,12,9,4.98,6,6,168,168.0,1.0,1.0
2025-06-30,168.0,13,3,11,5.79,0,6,168,168.0,1.0,1.0
2025-07-01,168.0,7,15,18,3.94,1,7,168,168.0,1.0,1.0
2025-07-02,168.0,5,18,17,4.43,2,7,168,168.0,1.0,1.0
2025-07-03,168.0,6,17,23,4.66,3,7,168,164.08,1.0,0.9766666666666668
2025-07-04,164.07723782477967,7,11,10,5.22,4,7,168,167.56,0.976650225147498,0.9973809523809524
2025-07-05,167.5551670015625,4,11,19,4.08,5,7,168,166.1,0.9973521845331101,0.9886904761904761
2025-07-06,166.1033022795858,9,12,19,5.3,6,7,168,168.0,0.9887101326165821,1.0
2025-07-07,168.0,5,15,13,4.97,0,7,168,168.0,1.0,1.0
2025-07-08,168.0,6,8,8,4.16,1,7,168,168.0,1.0,1.0
2025-07-09,168.0,6,12,19,2.5,2,7,168,163.39,1.0,0.9725595238095237
2025-07-10,163.387220412886,6,11,15,4.19,3,7,168,167.21,0.9725429786481309,0.995297619047619
2025-07-11,167.20919774008786,7,13,9,4.99,4,7,168,168.0,0.9952928436909991,1.0
2025-07-12,168.0,5,11,13,4.16,5,7,168,168.0,1.0,1.0
2025-07-13,168.0,10,10,9,5.36,6,7,168,168.0,1.0,1.0
2025-07-14,168.0,8,20,6,3.05,0,7,168,168.0,1.0,1.0
2025-07-15,168.0,5,8,12,5.36,1,7,168,165.61,1.0,0.9857738095238096
2025-07-16,165.614349243511,5,10,14,5.59,2,7,168,168.0,0.9857996978780416,1.0
2025-07-17,168.0,9,11,18,4.97,3,7,168,168.0,1.0,1.0
2025-07-18,168.0,5,11,16,4.09,4,7,168,168.0,1.0,1.0
2025-07-19,168.0,10,12,20,4.37,5,7,168,168.0,1.0,1.0
2025-07-20,168.0,13,12,18,3.24,6,7,168,168.0,1.0,1.0
2025-07-21,168.0,13,13,10,4.44,0,7,168,168.0,1.0,1.0
2025-07-22,168.0,7,11,20,3.4,1,7,168,167.55,1.0,0.9973214285714287
2025-07-23,167.54582241041203,6,14,16,4.48,2,7,168,168.0,0.9972965619667382,1.0
2025-07-24,168.0,8,12,7,4.8,3,7,168,168.0,1.0,1.0
2025-07-25,168.0,6,10,20,4.87,4,7,168,168.0,1.0,1.0
2025-07-26,168.0,9,12,7,4.63,5,7,168,168.0,1.0,1.0
2025-07-27,168.0,6,13,15,3.45,6,7,168,168.0,1.0,1.0
2025-07-28,168.0,9,12,12,5.24,0,7,168,168.0,1.0,1.0
2025-07-29,168.0,10,9,15,4.88,1,7,168,168.0,1.0,1.0
2025-07-30,168.0,6,13,10,4.3,2,7,168,168.0,1.0,1.0
2025-07-31,168.0,8,13,8,4.16,3,7,168,168.0,1.0,1.0
2025-08-01,168.0,11,12,19,5.35,4,8,168,168.0,1.0,1.0
2025-08-02,168.0,10,11,20,5.24,5,8,168,168.0,1.0,1.0
2025-08-03,168.0,10,12,16,5.29,6,8,168,168.0,1.0,1.0
2025-08-04,168.0,6,7,15,4.23,0,8,168,164.69,1.0,0.980297619047619
2025-08-05,164.6927099775738,8,10,14,5.79,1,8,168,165.55,0.9803137498665107,0.9854166666666667
2025-08-06,165.55174171151774,8,22,11,5.35,2,8,168,168.0,0.9854270339971294,1.0
2025-08-07,168.0,9,17,13,3.38,3,8,168,168.0,1.0,1.0
2025-08-08,168.0,12,6,15,4.73,4,8,168,167.66,1.0,0.9979761904761905
2025-08-09,167.66082983766967,8,15,13,5.1,5,8,168,168.0,0.997981129986129,1.0
2025-08-10,168.0,12,12,17,4.3,6,8,168,168.0,1.0,1.0
2025-08-11,168.0,11,9,17,4.57,0,8,168,168.0,1.0,1.0
2025-08-12,168.0,15,9,15,5.1,1,8,168,168.0,1.0,1.0
2025-08-13,168.0,9,10,12,4.82,2,8,168,168.0,1.0,1.0
2025-08-14,168.0,12,8,13,3.83,3,8,168,168.0,1.0,1.0
2025-08-15,168.0,9,11,11,4.21,4,8,168,168.0,1.0,1.0
2025-08-16,168.0,10,9,10,4.24,5,8,168,168.0,1.0,1.0
2025-08-17,168.0,8,9,13,4.01,6,8,168,168.0,1.0,1.0
2025-08-18,168.0,5,14,17,4.9,0,8,168,164.44,1.0,0.9788095238095238
2025-08-19,164.43720896010626,10,13,13,4.81,1,8,168,168.0,0.9787929104768229,1.0
2025-08-20,168.0,4,9,10,4.38,2,8,168,168.0,1.0,1.0
2025-08-21,168.0,4,11,12,3.94,3,8,168,168.0,1.0,1.0
2025-08-22,168.0,9,15,20,4.92,4,8,168,168.0,1.0,1.0
2025-08-23,168.0,8,11,13,5.02,5,8,168,168.0,1.0,1.0
2025-08-24,168.0,12,12,16,5.46,6,8,168,168.0,1.0,1.0
2025-08-25,168.0,6,14,17,5.12,0,8,168,168.0,1.0,1.0
2025-08-26,168.0,5,7,16,5.05,1,8,168,168.0,1.0,1.0
2025-08-27,168.0,14,12,12,4.47,2,8,168,168.0,1.0,1.0
2025-08-28,168.0,12,10,18,4.96,3,8,168,168.0,1.0,1.0
2025-08-29,168.0,14,16,13,4.84,4,8,168,168.0,1.0,1.0
2025-08-30,168.0,13,14,17,4.41,5,8,168,168.0,1.0,1.0
2025-08-31,168.0,10,14,19,5.5,6,8,168,168.0,1.0,1.0
2025-09-01,168.0,8,11,18,4.32,0,9,168,168.0,1.0,1.0
2025-09-02,168.0,15,12,13,5.52,1,9,168,168.0,1.0,1.0
2025-09-03,168.0,10,13,15,5.44,2,9,168,168.0,1.0,1.0
2025-09-04,168.0,8,17,17,4.37,3,9,168,168.0,1.0,1.0
2025-09-05,168.0,9,9,10,5.27,4,9,168,168.0,1.0,1.0
2025-09-06,168.0,11,13,16,4.38,5,9,168,168.0,1.0,1.0
2025-09-07,168.0,9,11,13,3.61,6,9,168,168.0,1.0,1.0
2025-09-08,168.0,6,11,13,3.83,0,9,168,168.0,1.0,1.0
2025-09-09,168.0,11,10,13,3.6,1,9,168,168.0,1.0,1.0
2025-09-10,168.0,4,8,15,4.56,2,9,168,163.67,1.0,0.9742261904761904
2025-09-11,163.670199927175,7,14,7,5.56,3,9,168,168.0,0.9742273805188988,1.0
2025-09-12,168.0,7,14,17,4.33,4,9,168,168.0,1.0,1.0
2025-09-13,168.0,4,10,13,5.01,5,9,168,168.0,1.0,1.0
2025-09-14,168.0,11,9,14,3.89,6,9,168,168.0,1.0,1.0
2025-09-15,168.0,10,20,14,3.92,0,9,168,168.0,1.0,1.0
2025-09-16,168.0,2,14,9,5.68,1,9,168,168.0,1.0,1.0
2025-09-17,168.0,6,8,11,4.74,2,9,168,167.34,1.0,0.9960714285714286
2025-09-18,167.34178532589723,7,5,13,4.72,3,9,168,164.62,0.996082055511293,0.9798809523809524
2025-09-19,164.6205367112939,9,14,11,4.59,4,9,168,168.0,0.9798841470910352,1.0
2025-09-20,168.0,11,16,12,5.32,5,9,168,168.0,1.0,1.0
2025-09-21,168.0,9,14,14,4.52,6,9,168,168.0,1.0,1.0
2025-09-22,168.0,12,12,22,5.05,0,9,168,166.55,1.0,0.9913690476190476
2025-09-23,166.55249882468857,10,15,21,4.36,1,9,168,168.0,0.9913839215755272,1.0
2025-09-24,168.0,10,11,9,4.25,2,9,168,168.0,1.0,1.0
2025-09-25,168.0,4,11,9,5.43,3,9,168,168.0,1.0,1.0
2025-09-26,168.0,5,6,18,5.67,4,9,168,160.3,1.0,0.9541666666666667
2025-09-27,160.30062117142046,14,13,16,3.09,5,9,168,168.0,0.954170364115598,1.0
2025-09-28,168.0,5,12,15,4.24,6,9,168,168.0,1.0,1.0
2025-09-29,168.0,9,17,8,4.49,0,9,168,168.0,1.0,1.0
2025-09-30,168.0,5,14,14,4.73,1,9,168,168.0,1.0,1.0
2025-10-01,168.0,8,10,9,4.59,2,10,168,168.0,1.0,1.0
2025-10-02,168.0,7,12,11,5.31,3,10,168,168.0,1.0,1.0
2025-10-03,168.0,8,14,9,5.22,4,10,168,168.0,1.0,1.0
2025-10-04,168.0,13,13,19,4.38,5,10,168,168.0,1.0,1.0
2025-10-05,168.0,7,14,10,4.42,6,10,168,168.0,1.0,1.0
2025-10-06,168.0,10,14,17,4.19,0,10,168,168.0,1.0,1.0
2025-10-07,168.0,9,13,14,4.16,1,10,168,168.0,1.0,1.0
2025-10-08,168.0,3,11,9,4.89,2,10,168,168.0,1.0,1.0
2025-10-09,168.0,7,13,11,4.51,3,10,168,168.0,1.0,1.0
2025-10-10,168.0,4,11,10,5.01,4,10,168,168.0,1.0,1.0
2025-10-11,168.0,5,13,17,3.74,5,10,168,166.69,1.0,0.9922023809523809
2025-10-12,166.6901523263107,11,15,16,4.65,6,10,168,168.0,0.9922032876566114,1.0
2025-10-13,168.0,6,11,9,4.4,0,10,168,168.0,1.0,1.0
2025-10-14,168.0,12,13,10,4.15,1,10,168,168.0,1.0,1.0
2025-10-15,168.0,6,16,10,4.79,2,10,168,168.0,1.0,1.0
2025-10-16,168.0,6,11,12,4.97,3,10,168,168.0,1.0,1.0
2025-10-17,168.0,8,12,12,3.22,4,10,168,168.0,1.0,1.0
2025-10-18,168.0,13,8,10,5.1,5,10,168,168.0,1.0,1.0
2025-10-19,168.0,10,7,7,5.62,6,10,168,168.0,1.0,1.0
2025-10-20,168.0,4,10,13,5.58,0,10,168,164.47,1.0,0.9789880952380953
2025-10-21,164.47436816874563,4,11,13,4.81,1,10,168,160.49,0.9790140962425335,0.9552976190476191
2025-10-22,160.49361179473254,7,14,11,5.65,2,10,168,167.98,0.9553191178257889,0.9998809523809523
2025-10-23,167.98455313563912,7,10,17,4.78,3,10,168,168.0,0.9999080543788043,1.0
2025-10-24,168.0,11,10,20,5.25,4,10,168,168.0,1.0,1.0
2025-10-25,168.0,9,15,11,5.12,5,10,168,168.0,1.0,1.0
2025-10-26,168.0,11,13,12,4.55,6,10,168,168.0,1.0,1.0
2025-10-27,168.0,7,7,15,4.28,0,10,168,163.28,1.0,0.9719047619047619
2025-10-28,163.28383462435306,8,4,15,5.18,1,10,168,161.97,0.9719275870497206,0.9641071428571428
2025-10-29,161.96659688454596,11,15,14,3.8,2,10,168,168.0,0.9640868862175355,1.0
2025-10-30,168.0,6,14,12,4.66,3,10,168,168.0,1.0,1.0
2025-10-31,168.0,6,12,12,5.38,4,10,168,168.0,1.0,1.0
2025-11-01,168.0,7,13,17,5.29,5,11,168,168.0,1.0,1.0
2025-11-02,168.0,6,11,10,4.23,6,11,168,168.0,1.0,1.0
2025-11-03,168.0,8,16,15,5.3,0,11,168,168.0,1.0,1.0
2025-11-04,168.0,9,11,21,4.85,1,11,168,165.87,1.0,0.9873214285714286
2025-11-05,165.8675614751675,9,7,19,5.05,2,11,168,166.78,0.9873069135426636,0.9927380952380952
2025-11-06,166.78450065795076,4,11,16,5.15,3,11,168,168.0,0.9927648848687545,1.0
2025-11-07,168.0,10,11,8,4.87,4,11,168,168.0,1.0,1.0
2025-11-08,168.0,9,15,17,4.93,5,11,168,168.0,1.0,1.0
2025-11-09,168.0,4,9,16,5.24,6,11,168,165.21,1.0,0.9833928571428572
2025-11-10,165.21057387251162,6,16,16,4.05,0,11,168,168.0,0.9833962730506643,1.0
2025-11-11,168.0,9,12,16,3.98,1,11,168,168.0,1.0,1.0
2025-11-12,168.0,6,11,14,5.13,2,11,168,168.0,1.0,1.0
2025-11-13,168.0,7,13,13,5.2,3,11,168,168.0,1.0,1.0
2025-11-14,168.0,7,16,20,5.25,4,11,168,168.0,1.0,1.0
2025-11-15,168.0,11,6,13,4.58,5,11,168,168.0,1.0,1.0
2025-11-16,168.0,6,8,20,5.22,6,11,168,165.28,1.0,0.9838095238095238
2025-11-17,165.27525414161104,8,8,16,4.39,0,11,168,167.27,0.9837812746524467,0.995654761904762
2025-11-18,167.274692488595,8,11,13,5.51,1,11,168,168.0,0.9956826933844941,1.0
2025-11-19,168.0,7,10,13,5.02,2,11,168,168.0,1.0,1.0
2025-11-20,168.0,10,7,13,3.3,3,11,168,168.0,1.0,1.0
2025-11-21,168.0,11,8,20,4.63,4,11,168,168.0,1.0,1.0
2025-11-22,168.0,16,4,19,5.46,5,11,168,168.0,1.0,1.0
2025-11-23,168.0,10,12,16,6.18,6,11,168,168.0,1.0,1.0
2025-11-24,168.0,4,12,10,4.88,0,11,168,168.0,1.0,1.0
2025-11-25,168.0,9,6,18,5.41,1,11,168,166.69,1.0,0.9922023809523809
2025-11-26,166.69192261665754,11,18,11,3.81,2,11,168,168.0,0.992213825099152,1.0
2025-11-27,168.0,7,8,19,4.7,3,11,168,164.62,1.0,0.9798809523809524
2025-11-28,164.62259905409718,14,14,25,4.78,4,11,168,168.0,0.9798964229410546,1.0
2025-11-29,168.0,12,12,19,5.65,5,11,168,168.0,1.0,1.0
2025-11-30,168.0,9,10,20,4.06,6,11,168,166.31,1.0,0.9899404761904762
2025-12-01,166.306733821103,11,13,15,5.09,0,12,168,168.0,0.9899210346494226,1.0
2025-12-02,168.0,3,19,10,5.01,1,12,168,168.0,1.0,1.0
2025-12-03,168.0,7,12,13,4.85,2,12,168,168.0,1.0,1.0
2025-12-04,168.0,5,18,12,4.69,3,12,168,168.0,1.0,1.0
2025-12-05,168.0,10,13,15,3.71,4,12,168,168.0,1.0,1.0
2025-12-06,168.0,8,12,15,5.69,5,12,168,168.0,1.0,1.0
2025-12-07,168.0,12,14,18,4.09,6,12,168,168.0,1.0,1.0
2025-12-08,168.0,6,10,15,4.31,0,12,168,168.0,1.0,1.0
2025-12-09,168.0,10,15,13,3.57,1,12,168,168.0,1.0,1.0
2025-12-10,168.0,10,9,11,3.48,2,12,168,168.0,1.0,1.0
2025-12-11,168.0,3,7,15,5.29,3,12,168,160.83,1.0,0.9573214285714287
2025-12-12,160.83097080376257,15,21,15,5.4,4,12,168,168.0,0.9573272071652534,1.0
2025-12-13,168.0,12,11,10,3.56,5,12,168,168.0,1.0,1.0
2025-12-14,168.0,9,13,17,4.06,6,12,168,168.0,1.0,1.0
2025-12-15,168.0,9,13,12,5.26,0,12,168,168.0,1.0,1.0
2025-12-16,168.0,7,14,18,4.03,1,12,168,168.0,1.0,1.0
2025-12-17,168.0,11,11,9,4.06,2,12,168,168.0,1.0,1.0
2025-12-18,168.0,5,10,6,4.62,3,12,168,168.0,1.0,1.0
2025-12-19,168.0,8,9,7,4.46,4,12,168,168.0,1.0,1.0
2025-12-20,168.0,6,16,10,4.12,5,12,168,168.0,1.0,1.0
2025-12-21,168.0,5,19,23,4.34,6,12,168,168.0,1.0,1.0
2025-12-22,168.0,6,12,12,4.37,0,12,168,168.0,1.0,1.0
2025-12-23,168.0,7,12,12,5.19,1,12,168,168.0,1.0,1.0
2025-12-24,168.0,5,15,12,4.72,2,12,168,168.0,1.0,1.0
2025-12-25,168.0,8,17,12,4.98,3,12,168,168.0,1.0,1.0
2025-12-26,168.0,3,11,11,5.55,4,12,168,168.0,1.0,1.0
2025-12-27,168.0,8,16,14,4.52,5,12,168,168.0,1.0,1.0
2025-12-28,168.0,12,12,17,4.76,6,12,168,168.0,1.0,1.0
2025-12-29,168.0,7,21,7,5.11,0,12,168,168.0,1.0,1.0
2025-12-30,168.0,4,16,10,4.49,1,12,168,168.0,1.0,1.0
2025-12-31,168.0,14,17,13,4.74,2,12,168,168.0,1.0,1.0
